Section,Part_Number,Size,Finish,Quantity,OEM_Number
Bolts,15755PK,6-1.00 x 15mm                             25 Pcs,Black Finish,25 Pcs.,Mazda # 9GG600616T
Bolts,10755PK,6-1.00 x 16mm                             50 Pcs,Black Finish,50 Pcs.,G.M. # 11508930
Bolts,10097PK,6-1.00 x 16mm                             50 Pcs,Yellow Zinc Finish,50 Pcs.,G.M. # 11503812
Bolts,9889PK,6-1.00 x 20mm                             50 Pcs,Black Finish,50 Pcs.,"G.M. # 11514623, 11509816, 11504570"
Bolts,11017PK,6-1.00 x 25mm                             25 Pcs,Tin Zinc Finish,25 Pcs.,G.M. # 11609989
Bolts,5684PK,6-1.00 x 20mm                             50 Pcs,Black Finish,50 Pcs.,"G.M. # 11502941, 11506174, 11503823, 11503941"
Bolts,5686PK,6-1.00 x 25mm                             50 Pcs,Black Finish,50 Pcs.,"G.M. # 11503834, 20351035"
Bolts,11170PK,6-1.00 x 25mm                             15 Pcs,,15 Pcs.,G.M. # 11609681
Bolts,5690PK,6-1.00 x 25mm                             50 Pcs,Class 9.8,50 Pcs.,G.M. # 11503982
Bolts,11134PK,6-1.00 x 25mm                             25 Pcs,Black Finish,25 Pcs.,G.M. # 11504493
Bolts,11135PK,6-1.00 x 30mm                             50 Pcs,Black Finish,50 Pcs.,G.M. # 11503825
Bolts,5692PK,6-1.00 x 35mm                             50 Pcs,Black Finish,50 Pcs.,G.M. # 11505044
Bolts,9147PK,8-1.25 x 25mm                             25 Pcs,Black Finish,25 Pcs.,"G.M. # 11503619, 11501102"
Bolts,5688PK,8-1.25 x 30mm                             25 Pcs,Black Finish,25 Pcs.,"G.M. # 11501188, 11500754, 115041567, 1150826"
Bolts,12057PK,8-1.25 x 35mm                             25 Pcs,Black Finish,25 Pcs.,G.M. # 11503668
Bolts,9064PK,10-1.50 x 40mm                            25 Pcs.,Black Finish,25 Pcs.,G.M. # 11501193
Bolts,10970PK,5-.80 x 20mm                              50 Pc,Black Finish,50 Pcs.,Chrysler # 6100539
Bolts,13258PK,6-1.00 x 20mm                                20,Black Finish,20 Pcs.,Nissan # 08146-6162H
Bolts,5698PK,6-1.00 x 22mm                                25,Black Finish,25 Pcs.,Chrysler # 6100566 F; G.M. # 11503982
Bolts,5699PK,6-1.00 x 28mm                                25,Yellow Zinc Finish,25 Pcs.,Ford # N606677-S36
Bolts,5705PK,6-1.00 x 28mm                                25,Black Finish,25 Pcs.,"Ford # N606677-S43B, N606677-S53B"
Bolts,13257PK,8-1.25 x 20mm                                20,Zinc Finish,20 Pcs.,Toyota # 90080-11547
Bolts,13259PK,8-1.25 x 30mm                                10,Black Finish,10 Pcs.,Toyota # 90119-08763
Bolts,13382PK,6-1.00 x 11mm                                25,Black Finish,25 Pcs.,Toyota # 90105-06037
Bolts,5682PK,6-1.00 x 20mm                                50,,50 Pcs.,"G.M. # 11503800, 11517517"
Bolts,1013PK,8-1.25 x 25mm                              25 Pc,Black Finish,25 Pcs.,G.M. # 11500970
Bolts,5695PK,8-1.25 x 30mm                              25 Pc,Zinc Finish,25 Pcs.,"G.M. # 11500971, 549790"
Bolts,5697PK,8-1.25 x 30mm                              25 Pc,,25 Pcs.,"G.M. # 11500971, 11504492, 11515619"
Bolts,9275PK,8-1.25 x 25mm                              25 Pc,,25 Pcs.,Ford # N800744-S G.M.
Bolts,11037PK,10-1.50 x 30mm                             15 Pcs,Class 10.9,15 Pcs.,G.M. # 11516328 C
Bolts,11182PK,20mm Width,,15 Pcs.,G.M. # 12493719 C
Bolts,12018PK,6-1.00mm Thread,Zinc Finish,5 Pcs.,Chrysler # 6502780
Bolts,14424PK,6-1.00 x 10mm              10mm,,50 Pcs.,
Bolts,14425PK,6-1.00 x 12mm              10mm,,50 Pcs.,
Bolts,14426PK,6-1.00 x 16mm              10mm,,25 Pcs.,
Bolts,14427PK,6-1.00 x 20mm              10mm,,25 Pcs.,
Bolts,14428PK,6-1.00 x 25mm              10mm,,25 Pcs.,
Bolts,14429PK,6-1.00 x 30mm              10mm,,25 Pcs.,
Bolts,14431PK,6-1.00 x 40mm              10mm,,25 Pcs.,
Bolts,14433PK,6-1.00 x 50mm              10mm,,25 Pcs.,
Bolts,14435PK,6-1.00 x 60mm              10mm,,25 Pcs.,
Bolts,14437PK,6-1.00 x 70mm              10mm,,25 Pcs.,
Bolts,14439PK,6-1.00 x 80mm              10mm,,25 Pcs.,
Bolts,14494PK,8-1.25 x 16mm              13mm,,25 Pcs.,
Bolts,14495PK,8-1.25 x 20mm              13mm,,25 Pcs.,
Bolts,14496PK,8-1.25 x 25mm              13mm,,25 Pcs.,
Bolts,14497PK,8-1.25 x 30mm              13mm,,25 Pcs.,
Bolts,14499PK,8-1.25 x 40mm              13mm,,25 Pcs.,
Bolts,14501PK,8-1.25 x 50mm              13mm,,25 Pcs.,
Bolts,14503PK,8-1.25 x 60mm              13mm,,25 Pcs.,
Bolts,14505PK,8-1.25 x 70mm              13mm,,25 Pcs.,
Bolts,14507PK,8-1.25 x 80mm              13mm,,25 Pcs.,
Bolts,14529PK,10-1.50 x 20mm              17mm,,25 Pcs.,
Bolts,14530PK,10-1.50 x 25mm              17mm,,25 Pcs.,
Bolts,14531PK,10-1.50 x 30mm              17mm,,25 Pcs.,
Bolts,14533PK,10-1.50 x 40mm              17mm,,15 Pcs.,
Bolts,14535PK,10-1.50 x 50mm              17mm,,15 Pcs.,
Bolts,14537PK,10-1.50 x 60mm              17mm,,10 Pcs.,
Bolts,14539PK,10-1.50 x 70mm              17mm,,5 Pcs.,
Bolts,14541PK,10-1.50 x 80mm              17mm,,5 Pcs.,
Bolts,14563PK,12-1.75 x 20mm              19mm,,10 Pcs.,
Bolts,14564PK,12-1.75 x 25mm              19mm,,10 Pcs.,
Bolts,14565PK,12-1.75 x 30mm              19mm,,10 Pcs.,
Bolts,14567PK,12-1.75 x 40mm              19mm,,10 Pcs.,
Bolts,14569PK,12-1.75 x 50mm              19mm,,10 Pcs.,
Bolts,14571PK,12-1.75 x 60mm              19mm,,10 Pcs.,
Bolts,14573PK,12-1.75 x 70mm              19mm,,10 Pcs.,
Bolts,14575PK,12-1.75 x 80mm              19mm,,10 Pcs.,
Bolts,14598PK,14-2.00 x 25mm              21mm,,10 Pcs.,
Bolts,14599PK,14-2.00 x 30mm              21mm,,10 Pcs.,
Bolts,14601PK,14-2.00 x 40mm              21mm,,10 Pcs.,
Bolts,14603PK,14-2.00 x 50mm              21mm,,10 Pcs.,
Bolts,14605PK,14-2.00 x 60mm              21mm,,5 Pcs.,
Bolts,14607PK,14-2.00 x 70mm              21mm,,5 Pcs.,
Bolts,14609PK,14-2.00 x 80mm                     21mm,,5 Pcs.,
Bolts,14632PK,16-2.00 x 25mm                     24mm,,5 Pcs.,
Bolts,14633PK,16-2.00 x 30mm                     24mm,,5 Pcs.,
Bolts,14635PK,16-2.00 x 40mm                     24mm,,5 Pcs.,
Bolts,14637PK,16-2.00 x 50mm                     24mm,,5 Pcs.,
Bolts,14639PK,16-2.00 x 60mm                     24mm,,5 Pcs.,
Bolts,14641PK,16-2.00 x 70mm                     24mm,,5 Pcs.,
Bolts,14643PK,16-2.00 x 80mm                     24mm,,5 Pcs.,
Washers,14828PK,6mm                  6.30mm,,100 Pcs.,
Washers,14830PK,8mm                  8.40mm,,100 Pcs.,
Washers,14831PK,10mm                 10.50mm,,50 Pcs.,
Washers,14832PK,12mm                  13mm,,25 Pcs.,
Washers,14833PK,14mm                  15mm,,25 Pcs.,
Washers,14834PK,16mm                  17mm,,25 Pcs.,
Washers,14815PK,6mm                  6.10mm,,100 Pcs.,
Washers,14817PK,8mm                  8.10mm,,100 Pcs.,
Washers,14818PK,10mm                 10.20mm,,50 Pcs.,
Washers,14819PK,12mm                 12.20mm,,25 Pcs.,
Washers,14820PK,14mm                 14.20mm,,25 Pcs.,
Washers,14821PK,16mm                 16.20mm,,25 Pcs.,
Nuts,14802PK,6-1.00mm                         10mm,,100 Pcs.,
Nuts,14804PK,8-1.25mm                         13mm,,100 Pcs.,
Nuts,14805PK,10-1.50mm                        17mm,,50 Pcs.,
Nuts,14806PK,12-1.75mm                        19mm,,25 Pcs.,
Nuts,14807PK,14-2.00mm                        21mm,,25 Pcs.,
Nuts,14808PK,16-2.00mm                        24mm,,25 Pcs.,
Bolts,12636PK,5-.80 x 16mm        8mm                12.00mm,Bright Zinc,50 Pcs.,
Bolts,12637PK,5-.80 x 20mm        8mm                12.00mm,Bright Zinc,50 Pcs.,
Bolts,12638PK,5-.80 x 25mm        8mm                12.00mm,Bright Zinc,50 Pcs.,
Bolts,3203PK,6-1.00 x 12mm      10mm                 14.00mm,Bright Zinc,50 Pcs.,
Bolts,3204PK,6-1.00 x 16mm      10mm                 14.00mm,Bright Zinc,50 Pcs.,
Bolts,3205PK,6-1.00 x 20mm      10mm                 14.00mm,Bright Zinc,50 Pcs.,
Bolts,3206PK,6-1.00 x 25mm      10mm                 14.00mm,Bright Zinc,25 Pcs.,
Bolts,3207PK,6-1.00 x 30mm      10mm                 14.00mm,Bright Zinc,25 Pcs.,
Bolts,3208PK,6-1.00 x 35mm      10mm                 14.00mm,Bright Zinc,25 Pcs.,
Bolts,3209PK,6-1.00 x 40mm       10mm                14.00mm,Bright Zinc,25 Pcs.,
Bolts,9824PK,6-1.00 x 45mm      10mm                 14.00mm,Bright Zinc,15 Pcs.,
Bolts,12523PK,6-1.00 x 50mm      10mm                 14.00mm,Bright Zinc,10 Pcs.,
Bolts,12524PK,6-1.00 x 55mm      10mm                 14.00mm,Bright Zinc,10 Pcs.,
Bolts,12525PK,6-1.00 x 60mm      10mm                 14.00mm,Bright Zinc,10 Pcs.,
Bolts,12639PK,6-1.00 x 65mm      10mm                 14.00mm,Bright Zinc,10 Pcs.,
Bolts,12640PK,6-1.00 x 70mm      10mm                 14.00mm,Bright Zinc,10 Pcs.,
Bolts,3210PK,8-1.25 x 12mm      12mm                 17.50mm,Bright Zinc,25 Pcs.,
Bolts,3211PK,8-1.25 x 16mm      12mm                 17.50mm,Bright Zinc,15 Pcs.,
Bolts,3212PK,8-1.25 x 20mm      12mm                 17.50mm,Bright Zinc,15 Pcs.,
Bolts,3213PK,8-1.25 x 25mm      12mm                 17.50mm,Bright Zinc,15 Pcs.,
Bolts,3214PK,8-1.25 x 30mm      12mm                 17.50mm,Bright Zinc,15 Pcs.,
Bolts,3215PK,8-1.25 x 35mm      12mm                 17.50mm,Bright Zinc,15 Pcs.,
Bolts,3216PK,8-1.25 x 40mm      12mm                 17.50mm,Bright Zinc,15 Pcs.,
Bolts,12410PK,8-1.25 x 45mm      12mm                 17.50mm,Bright Zinc,15 Pcs.,
Bolts,12526PK,8-1.25 x 50mm      12mm                 17.50mm,Bright Zinc,10 Pcs.,
Bolts,12527PK,8-1.25 x 55mm      12mm                 17.50mm,Bright Zinc,10 Pcs.,
Bolts,12528PK,8-1.25 x 60mm      12mm                 17.50mm,Bright Zinc,10 Pcs.,
Bolts,12641PK,8-1.25 x 65mm      12mm                 17.50mm,Bright Zinc,10 Pcs.,
Bolts,12642PK,8-1.25 x 70mm      12mm                 17.50mm,Bright Zinc,10 Pcs.,
Bolts,3217PK,10-1.25 x 16mm      14mm                21.00mm,Bright Zinc,10 Pcs.,
Bolts,3218PK,10-1.25 x 20mm      14mm                21.00mm,Bright Zinc,10 Pcs.,
Bolts,3219PK,10-1.25 x 25mm      14mm                21.00mm,Bright Zinc,10 Pcs.,
Bolts,3220PK,10-1.25 x 30mm      14mm                21.00mm,Bright Zinc,10 Pcs.,
Bolts,3221PK,10-1.25 x 35mm      14mm                21.00mm,Bright Zinc,10 Pcs.,
Bolts,3222PK,10-1.25 x 40mm      14mm                21.00mm,Bright Zinc,10 Pcs.,
Bolts,12411PK,10-1.25 x 45mm      14mm                21.00mm,Bright Zinc,10 Pcs.,
Bolts,12529PK,10-1.25 x 50mm      14mm                21.00mm,Bright Zinc,10 Pcs.,
Bolts,12530PK,10-1.25 x 55mm      14mm                21.00mm,Bright Zinc,10 Pcs.,
Bolts,12531PK,10-1.25 x 60mm      14mm                21.00mm,Bright Zinc,10 Pcs.,
Bolts,12643PK,10-1.25 x 65mm      14mm                21.00mm,Bright Zinc,10 Pcs.,
Bolts,12644PK,10-1.25 x 70mm      14mm                21.00mm,Bright Zinc,10 Pcs.,
Nuts,3200PK,6-1.00mm       10mm           14.00mm,Bright Zinc,50 Pcs.,
Nuts,3201PK,8-1.25mm       12mm           17.00mm,Bright Zinc,50 Pcs.,
Nuts,3202PK,10-1.25mm       14mm           19.00mm,Bright Zinc,25 Pcs.,
Nuts,16476PK,5-.80mm         8mm              12mm,Bright Zinc,50 Pcs.,
Nuts,17946PK,10-1.50mm       15mm              21.8mm,Bright Zinc,25 Pcs.,
Bolts,17948PK,10-1.50 x 20mm      15mm              22.30mm,Bright Zinc,10 Pcs.,
Bolts,17949PK,10-1.50 x 25mm      15mm              22.30mm,Bright Zinc,10 Pcs.,
Bolts,17950PK,10-1.50 x 30mm      15mm              22.30mm,Bright Zinc,10 Pcs.,
Bolts,17951PK,10-1.50 x 35mm      15mm              22.30mm,Bright Zinc,10 Pcs.,
Bolts,17952PK,10-1.50 x 40mm      15mm              22.30mm,Bright Zinc,10 Pcs.,
Bolts,17953PK,10-1.50 x 45mm      15mm              22.30mm,Bright Zinc,10 Pcs.,
Bolts,17954PK,10-1.50 x 50mm      15mm              22.30mm,Bright Zinc,10 Pcs.,
Bolts,17956PK,10-1.50 x 60mm      15mm              22.30mm,Bright Zinc,10 Pcs.,
Bolts,17958PK,10-1.50 x 70mm      15mm              22.30mm,Bright Zinc,10 Pcs.,
Bolts,17960PK,10-1.50 x 80mm      15mm              22.30mm,Bright Zinc,10 Pcs.,
Bolts,17962PK,10-1.50 x 90mm      15mm              22.30mm,Bright Zinc,10 Pcs.,
Screws,869PK,4-.70 x 16mm                    7mm,,50 Pcs.,
Screws,870PK,4-.70 x 20mm                    7mm,,50 Pcs.,
Screws,871PK,5-.80 x 10mm                    8mm,,50 Pcs.,
Screws,15558PK,5-.80 x 12mm                    8mm,,50 Pcs.,
Screws,872PK,5-.80 x 16mm                    8mm,,50 Pcs.,
Screws,873PK,5-.80 x 20mm                    8mm,,50 Pcs.,
Screws,874PK,5-.80 x 25mm                    8mm,,50 Pcs.,
Screws,875PK,5-.80 x 30mm                    8mm,,25 Pcs.,
Screws,15560PK,5-.80 x 40mm                    8mm,,25 Pcs.,
Screws,15561PK,5-.80 x 45mm                    8mm,,25 Pcs.,
Screws,15565PK,6-1.00 x 8mm                    10mm,,50 Pcs.,
Screws,876PK,6-1.00 x 10mm                   10mm,,50 Pcs.,
Screws,15566PK,6-1.00 x 12mm                   10mm,,25 Pcs.,
Screws,9765PK,6-1.00 x 16mm                   10mm,,25 Pcs.,
Screws,877PK,6-1.00 x 20mm                   10mm,,25 Pcs.,
Screws,878PK,6-1.00 x 25mm                   10mm,,25 Pcs.,
Screws,879PK,6-1.00 x 30mm                   10mm,,25 Pcs.,
Screws,880PK,6-1.00 x 35mm                   10mm,,25 Pcs.,
Screws,881PK,6-1.00 x 40mm                   10mm,,25 Pcs.,
Screws,9766PK,6-1.00 x 50mm                   10mm,,25 Pcs.,
Screws,884PK,8-1.25 x 12mm                   13mm,,25 Pcs.,
Screws,885PK,8-1.25 x 16mm                   13mm,,25 Pcs.,
Screws,886PK,8-1.25 x 20mm                   13mm,,25 Pcs.,
Screws,887PK,8-1.25 x 25mm                   13mm,,25 Pcs.,
Screws,888PK,8-1.25 x 30mm                   13mm,,25 Pcs.,
Screws,15588PK,8-1.25 x 35mm                   13mm,,25 Pcs.,
Screws,889PK,8-1.25 x 40mm                   13mm,,25 Pcs.,
Screws,9821PK,8-1.25 x 45mm                   13mm,,25 Pcs.,
Screws,890PK,8-1.25 x 50mm                   13mm,,25 Pcs.,
Screws,891PK,8-1.25 x 60mm                   13mm,,25 Pcs.,
Screws,892PK,8-1.25 x 70mm                   13mm,,10 Pcs.,
Screws,893PK,10-1.50 x 20mm                   17mm,,25 Pcs.,
Screws,894PK,10-1.50 x 25mm                   17mm,,25 Pcs.,
Screws,895PK,10-1.50 x 30mm                   17mm,,25 Pcs.,
Screws,896PK,10-1.50 x 35mm                   17mm,,15 Pcs.,
Screws,897PK,10-1.50 x 40mm                   17mm,,15 Pcs.,
Screws,898PK,10-1.50 x 45mm                   17mm,,15 Pcs.,
Screws,899PK,10-1.50 x 50mm                   17mm,,15 Pcs.,
Screws,900PK,10-1.50 x 60mm                   17mm,,10 Pcs.,
Screws,902PK,10-1.50 x 70mm                   17mm,,10 Pcs.,
Screws,15610PK,12-1.75 x 20mm                      19mm,,10 Pcs.,
Screws,903PK,12-1.75 x 25mm                      19mm,,10 Pcs.,
Screws,904PK,12-1.75 x 30mm                      19mm,,10 Pcs.,
Screws,1797PK,12-1.75 x 35mm                      19mm,,10 Pcs.,
Screws,905PK,12-1.75 x 40mm                      19mm,,10 Pcs.,
Screws,15611PK,12-1.75 x 45mm                      19mm,,10 Pcs.,
Screws,906PK,12-1.75 x 50mm                      19mm,,10 Pcs.,
Screws,907PK,12-1.75 x 60mm                      19mm,,10 Pcs.,
Screws,15624PK,14-2.00 x 25mm                      21mm,,10 Pcs.,
Screws,15625PK,14-2.00 x 30mm                      21mm,,10 Pcs.,
Screws,15627PK,14-2.00 x 40mm                      21mm,,10 Pcs.,
Screws,15629PK,14-2.00 x 50mm                      21mm,,10 Pcs.,
Screws,15630PK,14-2.00 x 55mm                      21mm,,10 Pcs.,
Screws,15631PK,14-2.00 x 60mm                      21mm,,10 Pcs.,
Screws,12281PK,3.50mm Bolt Size,,100 Pcs.,
Washers,1651PK,4mm                  4.30mm,Bright Zinc,50 Pcs.,
Washers,1652PK,5mm                  5.30mm,Bright Zinc,50 Pcs.,
Washers,1654PK,6mm                  6.40mm,Bright Zinc,100 Pcs.,
Washers,1655PK,8mm                  8.40mm,Bright Zinc,100 Pcs.,
Washers,1656PK,10mm                 10.50mm,Bright Zinc,100 Pcs.,
Washers,1657PK,12mm                  13mm,Bright Zinc,25 Pcs.,
Washers,11998PK,14mm                  15mm,Bright Zinc,25 Pcs.,
Washers,12259PK,5mm                  5.30mm,,100 Pcs.,
Washers,12260PK,6mm                  6.40mm,,100 Pcs.,
Washers,12261PK,8mm                  8.40mm,,100 Pcs.,
Washers,12262PK,10mm                 10.50mm,,50 Pcs.,
Washers,1658PK,4mm              4.10mm,Bright Zinc,50 Pcs.,
Washers,1659PK,5mm              5.10mm,Bright Zinc,50 Pcs.,
Washers,1661PK,6mm              6.10mm,Bright Zinc,100 Pcs.,
Washers,1662PK,8mm              8.20mm,Bright Zinc,100 Pcs.,
Washers,1663PK,10mm             10.20mm,Bright Zinc,50 Pcs.,
Washers,1664PK,12mm             12.20mm,Bright Zinc,25 Pcs.,
Washers,1665PK,14mm             14.20mm,Bright Zinc,50 Pcs.,
Nuts,12276PK,5-.80mm            8mm                   1,Bright Zinc,50 Pcs.,
Nuts,12280PK,12-1.25mm           17mm                  24,Bright Zinc,10 Pcs.,
Nuts,861PK,4-.70mm                      7mm,Bright Zinc,50 Pcs.,
Nuts,862PK,5-.80mm                      8mm,Bright Zinc,50 Pcs.,
Nuts,863PK,6-1.00mm                     10mm,Bright Zinc,100 Pcs.,
Nuts,865PK,8-1.25mm                     13mm,Bright Zinc,100 Pcs.,
Nuts,866PK,10-1.50mm                     17mm,Bright Zinc,50 Pcs.,
Nuts,12255PK,12-1.50mm                     19mm,Bright Zinc,25 Pcs.,
Nuts,867PK,12-1.75mm                     19mm,Bright Zinc,25 Pcs.,
Nuts,868PK,14-2.00mm                     22mm,Bright Zinc,25 Pcs.,
Nuts,12246PK,5-0.80mm                     8mm,Bright Zinc,100 Pcs.,
Nuts,12247PK,6-1.00mm                     10mm,Bright Zinc,100 Pcs.,
Nuts,12248PK,8-1.25mm                     13mm,Bright Zinc,100 Pcs.,
Nuts,12249PK,10-1.50mm                     17mm,Bright Zinc,100 Pcs.,
Nuts,12250PK,12-1.75mm                     19mm,Bright Zinc,100 Pcs.,
