Section,Part_Number,Size,Description,Finish,Quantity,OEM_Number
"Nuts Zinc ""U"" Type Metric",10785PK,Up to 1.50mm Panel Range 8mm Center of Hole to Edge,Up to 1.50mm Panel Range 8mm Center of Hole to Edge Black Nylon,Black Nylon,25 Pcs.,#14 (6.30mm) Screw Size; Hyundai # 86825-28800
"Nuts Extruded Type ""U"" Metric",18881PK,1.50mm Panel Range 10mm Center of Hole to Edge,1.50mm Panel Range 10mm Center of Hole to Edge Zinc Finish,Zinc Finish,25 Pcs.,#14 (6-1.81mm) Screw Size; Hyundai # 13355-06016; Kia # 13355-06016
Nuts Nylon,18893PK,6-1.00 Screw Size 1.50mm Panel Range 8mm Center of Hole to Edge,6-1.00 Screw Size 1.50mm Panel Range 8mm Center of Hole to Edge Black Finish Bumper Cover Extruded 'U' Nuts,Black Finish,25 Pcs.,Hyundai # 13341-06007-B; Kia # 13341-06007-B
Bumper Grommet,17939PK,12mm Stem Length 8.00 x 10.00mm Head Size,12mm Stem Length 8.00 x 10.00mm Head Size White Nylon,White Nylon,25 Pcs.,#6 (3.50mm) Screw Size
Door Handle Nuts,9683PK,9mm Stem Length 12 x 12mm Square Head 10mm Hole Size,9mm Stem Length 12 x 12mm Square Head 10mm Hole Size Natural Nylon,Natural Nylon,25 Pcs.,#8 (4.20mm) Screw Size; Hyundai # 14910-05000
Body Moulding Screw Grommets,10783PK,10mm Stem Length 14mm Head Size 8.00 x 12.00mm Hole Size,10mm Stem Length 14mm Head Size 8.00 x 12.00mm Hole Size White Nylon With Sealer,White Nylon,15 Pcs.,#8 (4.20mm) Screw Size; Hyundai # 87756-3D000
Trim Moulding Grommets,9681PK,12mm Stem Length 11.50mm Hole Size,12mm Stem Length 11.50mm Hole Size Gray Nylon With Sealer,Gray Nylon,10 Pcs.,#8 (4.20mm) Screw Size; Hyundai # 87759-3S000
Trim Moulding Grommets,10779PK,14mm Stem Length 16.70mm Head Size 8.00 x 10.00mm Hole Size Rocker Moulding Screw Grommets,14mm Stem Length 16.70mm Head Size 8.00 x 10.00mm Hole Size White Nylon With Sealer Rocker Moulding Screw Grommets,White Nylon,25 Pcs.,#8 (4.20mm) Screw Size; Hyundai # 87758-37000
Nuts Nylon,10772PK,16mm Stem Length 17.00 x 25.00mm Head Size 8.00 x 10.00mm Hole Size,16mm Stem Length 17.00 x 25.00mm Head Size 8.00 x 10.00mm Hole Size Yellow Nylon With Sealer,Yellow Nylon,25 Pcs.,#8 (4.20mm) Screw Size; Hyundai # 87759-27000; Hyundai
Bumper Screw Grommets,9662PK,21mm Stem Length 18mm Head Diameter 8.50mm Hole Size,21mm Stem Length 18mm Head Diameter 8.50mm Hole Size Natrual Nylon With Sealer,,15 Pcs.,#8 (4.20mm) Screw Size; Hyundai # 86910-21010
Bumper Screw Grommets,10771PK,8mm Stem Length 14.70mm Head Diameter 8.50mm Hole Size Interior Trim Grommets,8mm Stem Length 14.70mm Head Diameter 8.50mm Hole Size Yellow Nylon Interior Trim Grommets,Yellow Nylon,25 Pcs.,#10 (4.80mm) Screw Size; Hyundai # 81385-38000
Bumper & Fender Screw Grommets,10796PK,11mm Stem Length 12mm Head Size 9mm Hole Size,11mm Stem Length 12mm Head Size 9mm Hole Size White Nylon,White Nylon,25 Pcs.,#10 (4.80mm) Screw Size; Hyundai # 14913-05010
Fender Apron Screw Grommets,10777PK,12mm Stem length 16mm Head Diameter 8.50mm Hole Size,12mm Stem length 16mm Head Diameter 8.50mm Hole Size Black Nylon,Black Nylon,25 Pcs.,"#10 (4.80mm) Screw Size; Hyundai # 86848-22000, 86848-C8000"
Bumper Cover Screw Nuts,12611PK,18mm Stem Length 9.50 x 8.50mm Hole Size,18mm Stem Length 9.50 x 8.50mm Hole Size White Nylon With Sealer,White Nylon,25 Pcs.,#10 (4.80mm) Screw Size; Hyundai # 86625-3S000
Bumper Cover Screw Nuts,10775PK,8.50mm Stem Length 13mm Head Size 9mm Hole Size Rocker Moulding Screw Grommets,8.50mm Stem Length 13mm Head Size 9mm Hole Size White Nylon Rocker Moulding Screw Grommets,White Nylon,25 Pcs.,#12 (5.50mm) Screw Size; Hyundai # 87756-35000
Nuts Specialty,10781PK,15mm Head Size 8mm Stem Length 10mm Hole Size Headlight Assembly Grommets,15mm Head Size 8mm Stem Length 10mm Hole Size Natural Nylon Headlight Assembly Grommets,Natural Nylon,25 Pcs.,Hyundai # XG300/350; Kia # 92351-37000
Retainers Shield,17932PK,14mm Hex Size 30mm Flange Diameter,14mm Hex Size 30mm Flange Diameter Black Nylon Splash Shield Nuts,Black Nylon,15 Pcs.,Hyundai # 84145-26000; Hyundai
Clips Hood Prop Rod,18886PK,"1/4"" (6.35mm) Hole Size 18mm Stem Length 18.40mm Head Diameter","1/4"" (6.35mm) Hole Size 18mm Stem Length 18.40mm Head Diameter Black Nylon Plug Trim Retainers",Black Nylon,25 Pcs.,Hyundai # 85746-02000
Hood Prop Rod Clips,18118PK,8mm Rod Size 14mm Hole Size 24mm Length 20mm Width,8mm Rod Size 14mm Hole Size 24mm Length 20mm Width Black Nylon,Black Nylon,15 Pcs.,Hyundai # 81174-2L000
Clips Hood Release,18117PK,Holds 8mm Rod 9mm Stem Length 20 x 20mm Bottom Base Size,Holds 8mm Rod 9mm Stem Length 20 x 20mm Bottom Base Size Black Nylon,Black Nylon,15 Pcs.,"Hyundai # 81174-21000, 81174-11011,"
Hood Release Cable Clips,16337PK,"5/16"" (8mm) Hole Size 19mm Overall Height 7mm Diameter Cable","5/16"" (8mm) Hole Size 19mm Overall Height 7mm Diameter Cable Black Nylon",Black Nylon,25 Pcs.,Hyundai # 81199-33000
Retainers Hood Seal,16336PK,"5/16"" (8mm) Hole Size 19.70mm Overall Height 7mm Diameter Cable","5/16"" (8mm) Hole Size 19.70mm Overall Height 7mm Diameter Cable Black Nylon",Black Nylon,25 Pcs.,Hyundai # 81199-38000
Retainers Hood Seal,18891PK,"1/4"" (6.50mm) Hole Size 9.50mm Stem Length 13.05 x 4.75 Head Diameter","1/4"" (6.50mm) Hole Size 9.50mm Stem Length 13.05 x 4.75 Head Diameter Black Nylon Hood Seal & Rocker Moulding Upper Clips Mounting Retainers",Black Nylon,25 Pcs.,Hyundai # 86438-A5000; Kia # 86438-A5000
Retainers Hood Insulation,16402PK,"19/64"" (7.50mm) Hole Size 10mm Stem Length 5.00 x 13.00mm Head Size","19/64"" (7.50mm) Hole Size 10mm Stem Length 5.00 x 13.00mm Head Size Black Nylon",Black Nylon,50 Pcs.,Hyundai # 86438-1R000                                       I; Hyundai
Retainers Weatherstrip,10782PK,"5/16"" (8mm) Hole Size 14mm Stem Length 26mm Head Diameter","5/16"" (8mm) Hole Size 14mm Stem Length 26mm Head Diameter Black Nylon",Black Nylon,15 Pcs.,Hyundai # 81126-37010
Retainers Weatherstrip,18100PK,"13/64"" (5mm) Hole Size 6mm Stem Length 5.00 x 13.00mm Head Size","13/64"" (5mm) Hole Size 6mm Stem Length 5.00 x 13.00mm Head Size Red Nylon Weatherstrip Retainers",,50 Pcs.,Hyundai # 82133-37000
Retainers Weatherstrip,12069PK,"13/64"" (5mm) Hole Size                       50 pcs. 10mm Stem Length 5.00 x 15.00mm Head Size","13/64"" (5mm) Hole Size                       50 pcs. 10mm Stem Length 5.00 x 15.00mm Head Size Natural Nylon Weatherstrip Retainers",Natural Nylon,50 pcs.,"Ford # E7GZ-6120586-B; Hyundai # 86438-2B000; Mazda # G031-58-762; Toyota # 67867-89103, 97868-89101,"
Door Weatherstrip Retainers,17933PK,"13/64"" (5mm) Hole Size 11mm Stem Length 5.00 x 15.00mm Top Head Size","13/64"" (5mm) Hole Size 11mm Stem Length 5.00 x 15.00mm Top Head Size White Nylon El",White Nylon,25 Pcs.,Hyundai # 82132-27100
Door Weatherstrip Retainers,17937PK,"1/4"" (6mm) Hole Size 8mm Stem Length 5.00 x 15.00mm Head Size","1/4"" (6mm) Hole Size 8mm Stem Length 5.00 x 15.00mm Head Size Pink Nylon Weatherstrip Retainers",,100 Pcs.,Hyundai # 87756-2W000
Hood Seal Retainers,10767PK,"1/4"" (6.50mm) Hole Size 11mm Stem Length 5.00 x 13.00mm Head Size","1/4"" (6.50mm) Hole Size 11mm Stem Length 5.00 x 13.00mm Head Size Black Nylon",Black Nylon,100 Pcs.,Hyundai # 86438-4A100
Hood Seal Retainers,10766PK,"1/4"" (6.50mm) Hole Size 14mm Stem Length 6.00 x 16.00mm Head Size","1/4"" (6.50mm) Hole Size T 14mm Stem Length 6.00 x 16.00mm Head Size Black Nylon",Black Nylon,50 Pcs.,Hyundai # 86434-4A000
Retainers Push Type,15082PK,18.30mm Wide 29mm Length,18.30mm Wide 29mm Length White Nylon Belt Moulding Weatherstrip Clips,White Nylon,25 Pcs.,Hyundai # 83219-22000
Retainers Weatherstrip,15146PK,"1/4"" (6.50mm) Hole Size 10mm Stem Length 15mm Flange Diameter","1/4"" (6.50mm) Hole Size 10mm Stem Length 15mm Flange Diameter Black Nylon Cowl & Bumper",Black Nylon,15 Pcs.,Hyundai # 86155-2H100; Hyundai
Push Type Retainers,17598PK,"1/4"" (6.30mm) Hole Size 13mm Stem Length 15mm Flange Diameter","1/4"" (6.30mm) Hole Size 13mm Stem Length 15mm Flange Diameter Black Nylon 90467-07076-C0",Black Nylon,10 Pcs.,"G.M. # 96057846; Hyundai # 86155-2200; Toyota # 90467-07041, 90467-07041-B2,"
Retainers Phillips Screw,13091PK,"5/16"" (8mm) Hole Size 14mm Stem Length 18mm Head Diameter","5/16"" (8mm) Hole Size 14mm Stem Length 18mm Head Diameter Black Nylon",Black Nylon,15 Pcs.,"Hyundai # 86595-2T500, 14206-08250-B"
Retainers Phillips Screw,9238PK,"13/64"" (5mm) Hole Size 13mm Stem Length 10mm Head Diameter","13/64"" (5mm) Hole Size 13mm Stem Length 10mm Head Diameter Black Nylon Hood Mounting Phillips Screw Type Retainers",Black Nylon,25 Pcs.,Hyundai # 86157-37000
Push Type Retainers,15324PK,"5/16"" (8mm) Hole Size 10mm Stem length 18mm Head Diameter","5/16"" (8mm) Hole Size 10mm Stem length 18mm Head Diameter Black Nylon",Black Nylon,15 Pcs.,Hyundai # 86590-3S000; Subaru # 90913-0067
Push Type Retainers,9287PK,"5/16"" (8mm) Hole Size 12mm Stem Length 18mm Flange Diameter","5/16"" (8mm) Hole Size 12mm Stem Length 18mm Flange Diameter Black Nylon Phillips Screw Retainers",Black Nylon,10 Pcs.,"Ford # MB-455-56143, W705845-S300; Hyundai # 86590-28000; Mazda # B092-51-833"
Retainers Door Trim Panel,9680PK,"3/8"" (9.50mm) Hole Size 26mm Stem Length 20mm Head Diameter","3/8"" (9.50mm) Hole Size 26mm Stem Length 20mm Head Diameter Black Nylon Bumper Cover Phillips Screw Retainers",Black Nylon,25 Pcs.,Hyundai # 86590-35000
Door Trim Panel Retainers,12616PK,"9/32"" (7mm) Hole Size 15mm Stem Length 13mm Top Head Diameter","9/32"" (7mm) Hole Size 15mm Stem Length 13mm Top Head Diameter White Nylon With Sealer",White Nylon,25 Pcs.,Hyundai # 82315-36000
Retainers Door Trim Panel,15876PK,"21/64"" (8.50mm) Hole Size 10mm Stem Length 13mm Top Head Diameter","21/64"" (8.50mm) Hole Size 10mm Stem Length 13mm Top Head Diameter Green Nylon Garnish Retainers",,25 Pcs.,Hyundai # 82315-2W000; Hyundai
Retainers Door Trim Panel,12613PK,"21/64"" (8.50mm) Hole Size 13mm Stem Length 13mm Top Head Diameter","21/64"" (8.50mm) Hole Size 13mm Stem Length 13mm Top Head Diameter White Nylon Trim Panel & Window Garnish Retainers",White Nylon,50 Pcs.,Hyundai # 85506-4A000
Door Trim Panel Retainers,12617PK,"21/64"" (8.50mm) Hole Size 15mm Stem Length 13mm Top Head Diameter","21/64"" (8.50mm) Hole Size 15mm Stem Length 13mm Top Head Diameter White Nylon",White Nylon,50 Pcs.,Hyundai # 82315-22000
Trim Panel Retainers,10773PK,"23/64"" (9mm) Hole Size 12mm Stem Length 13mm Top Head Diameter","23/64"" (9mm) Hole Size 12mm Stem Length 13mm Top Head Diameter Gray Nylon",Gray Nylon,25 Pcs.,Hyundai # 85849-3B000
Door Trim Panel Retainers,10774PK,"23/64"" (9mm) Hole Size 12mm Stem Length 15mm Top Head Diameter","23/64"" (9mm) Hole Size 12mm Stem Length 15mm Top Head Diameter Neon Pink Nylon",,25 Pcs.,Hyundai # 82315-27000
Door Trim Panel Retainers,12612PK,"23/64"" (9mm) Hole Size 13mm Stem Length 13mm Top Head Diameter","23/64"" (9mm) Hole Size 13mm Stem Length 13mm Top Head Diameter White Nylon",White Nylon,50 Pcs.,Hyundai # 82315-2P000
Door Trim Panel Retainers,12620PK,"23/64"" (9mm) Hole Size 13mm Stem Length 13mm Top Head Diameter","23/64"" (9mm) Hole Size 13mm Stem Length 13mm Top Head Diameter White Nylon",White Nylon,50 Pcs.,Hyundai # 82315-2P000
Door Trim Panel Retainers,12619PK,"5/16 x 1/2"" Hole Size 3/8"" Stem Length 1/2 x 13/16"" Top Head Size","5/16 x 1/2"" Hole Size 3/8"" Stem Length 1/2 x 13/16"" Top Head Size White Nylon With Sealer Front End Moulding Retainers",White Nylon,10 Pcs.,Ford # W705849-S300; Mazda # 9XG0-73-88X0
Door Trim Panel Retainers,15827PK,16mm Overall Height 11mm Width,16mm Overall Height 11mm Width Black Nylon Interior Trim Retainers,Black Nylon,50 Pcs.,Hyundai # 85858-3S000
Retainers Moulding,15828PK,19mm Overall Height 15mm Width,19mm Overall Height 15mm Width Black Nylon Interior Trim Retainers,Black Nylon,50 Pcs.,Hyundai # 85859-3S100
Retainers Bumper & Grille,12601PK,21mm Overall Length,21mm Overall Length White Nylon,White Nylon,50 Pcs.,Hyundai # 84747-2L000; Hyundai
Retainers Moulding,10778PK,13mm Width 30mm Length,13mm Width 30mm Length Stainless Steel,,25 Pcs.,Hyundai # 86593-24000
Fender & Door Moulding Grommets,12609PK,8mm Stem length 13.00 x 13.00mm Head Size 9.50mm Hole Size,8mm Stem length 13.00 x 13.00mm Head Size 9.50mm Hole Size Green Nylon,,50 Pcs.,#6 (3.50mm) Screw Size; Hyundai # 87756-34520
Body Moulding Clips,12610PK,12mm Hole Size 13.00 x 13.00mm Head Size,12mm Hole Size 13.00 x 13.00mm Head Size White Nylon With Sealer,White Nylon,50 Pcs.,#6 (3.50mm) Screw Size; Hyundai # 87756-26900
Body Moulding Clips,15875PK,"5/16"" (8mm) Hole Size 12mm Stem Length 17mm Flange Diameter","5/16"" (8mm) Hole Size 12mm Stem Length 17mm Flange Diameter Gray Nylon Rocker Panel Moulding Retainers",Gray Nylon,25 Pcs.,Hyundai # 85815-24100
Moulding Retainers,18320PK,"5/16"" (8mm) Hole Size 12.50mm Stem Length 12.50 x 14.00mm Top Head Size","5/16"" (8mm) Hole Size 12.50mm Stem Length 12.50 x 14.00mm Top Head Size White Nylon With Sealer",White Nylon,25 Pcs.,Hyundai # 85818-37000
Moulding Retainers,12607PK,"23/64"" (9mm) Hole Size 10mm Stem Length 16.00 x 20.00mm Top Head Size","23/64"" (9mm) Hole Size 10mm Stem Length 16.00 x 20.00mm Top Head Size White Nylon With Sealer Rocker Moulding Clips",White Nylon,25 Pcs.,Hyundai # 87756-37000
Moulding Retainers,12482PK,"23/64"" (9mm) Hole Size 12mm Stem Length 11.00 x 15.50mm Top Head Diameter","23/64"" (9mm) Hole Size 12mm Stem Length 11.00 x 15.50mm Top Head Diameter White Nylon With Sealer Rocker Moulding Clips",White Nylon,15 Pcs.,Hyundai # 87702-H1000
Moulding Retainers,15874PK,"23/64"" (9mm) Hole Size 15mm Stem Length 13mm Top Head Diameter","23/64"" (9mm) Hole Size 15mm Stem Length 13mm Top Head Diameter Gray Nylon Garnish & Interior Moulding Retainers",Gray Nylon,50 Pcs.,Hyundai # 85849-3L000
Hood Moulding Clips W/Sealer,12608PK,"3/8"" (9.50mm) Hole Size 10mm Stem Length 12.00 x 16.00mm Top Head Size","3/8"" (9.50mm) Hole Size 10mm Stem Length 12.00 x 16.00mm Top Head Size Yellow Nylon",Yellow Nylon,25 Pcs.,Hyundai # 87703-H1000
Retainers Moulding,18116PK,"25/64"" (10mm) Hole Size 9mm Stem Length 13.00 x 16.00mm Head Size","25/64"" (10mm) Hole Size 9mm Stem Length 13.00 x 16.00mm Head Size Pink Nylon With Sealer Side Garnish Moulding Retainers",,15 Pcs.,Hyundai # 87756-2J000; Hyundai
Retainers Moulding,12606PK,"25/64"" (10mm) Hole Size 10mm Stem Length                                      ,,.. 16.00 x 20.00mm Top Head Size","25/64"" (10mm) Hole Size 10mm Stem Length                                      ,,.. 16.00 x 20.00mm Top Head Size White Nylon With Sealer Rocker Moulding Clips",White Nylon,25 Pcs.,Hyundai # 87758-39000
Headliner Retainers,12618PK,10.30mm Head Diameter 10mm Stem Length 14mm Top Head Size,10.30mm Head Diameter 10mm Stem Length 14mm Top Head Size Black Nylon,Black Nylon,50 Pcs.,Hyundai # 85495-2E050
Body Side Moulding Clips,15303PK,"7/16"" (11mm) Square Hole 10mm Stem Length 8.00 x 22.00mm Head Size","7/16"" (11mm) Square Hole 10mm Stem Length 8.00 x 22.00mm Head Size Black Nylon With Sealer",Black Nylon,15 Pcs.,Hyundai # 87756-2G000
Body Side Moulding Clips,17934PK,"7/16"" (11mm) Hole Size 14mm Stem Length 17.00 x 25.00mm Head Size","7/16"" (11mm) Hole Size 14mm Stem Length 17.00 x 25.00mm Head Size White Nylon With Sealer Rocker Moulding Retainers",White Nylon,25 Pcs.,Hyundai # 87758-2S000
Body Side Moulding Clips,17936PK,"1/2"" (12mm) Hole Size 9mm Stem Length 10.00 x 13.00mm Head Size","1/2"" (12mm) Hole Size 9mm Stem Length 10.00 x 13.00mm Head Size White Nylon With Sealer Rocker Moulding Retainers",White Nylon,50 Pcs.,Hyundai # 87758-38000
Body Side Moulding Clips,10780PK,"15/32"" (12mm) Hole Size 10mm Stem Length 10.00 x 11.00mm Top Head Size","15/32"" (12mm) Hole Size 10mm Stem Length 10.00 x 11.00mm Top Head Size Yellow Nylon With Sealer Rocker Moulding Clips",Yellow Nylon,15 Pcs.,Hyundai # 87758-35000
Moulding Clips,10769PK,"15/32"" (12mm) Hole Size 10mm Stem Length 10.00 x 12.00mm Top Head Size","15/32"" (12mm) Hole Size 10mm Stem Length 10.00 x 12.00mm Top Head Size White Nylon With Sealer [OJ",White Nylon,15 Pcs.,Hyundai # 87756-2E000
Moulding Clips,13438PK,"15/32"" (12mm) Hole Size 10mm Stem Length 10.00 x 12.00mm Top Head Size","15/32"" (12mm) Hole Size 10mm Stem Length 10.00 x 12.00mm Top Head Size White Nylon With Sealer",White Nylon,15 Pcs.,Hyundai # 87758-35010
Retainers Moulding,18897PK,"15/32"" (12mm) Hole Size 10mm Stem Length 14 x 18mm Top Head Size","15/32"" (12mm) Hole Size 10mm Stem Length 14 x 18mm Top Head Size Yellow Nylon With Sealer Rocker Moulding Retainers",Yellow Nylon,25 Pcs.,Hyundai # 87757-J9000; Kia # 87757-J9000; Hyundai
Retainers Moulding,10770PK,"15/32"" (12mm) Hole Size 10mm Stem Length 16.00 x 20.00mm Top Head Size","15/32"" (12mm) Hole Size 10mm Stem Length 16.00 x 20.00mm Top Head Size Yellow Nylon With Sealer Rocker Panel Clips",Yellow Nylon,15 Pcs.,Hyundai # 87758-3D000
Retainers Moulding,12603PK,"15/32"" (12mm) Hole Size 11mm Stem Length 10.00 x 12.00mm Top Head Size","15/32"" (12mm) Hole Size □ 11mm Stem Length 10.00 x 12.00mm Top Head Size White Nylon With Sealer Front Hood Moulding Retainers",White Nylon,25 Pcs.,Hyundai # 86360-3L000
Moulding Retainers,17935PK,"1/2"" (12mm) Hole Size 17mm Stem Length 12.00x 12.00mm Top Head Size","1/2"" (12mm) Hole Size 17mm Stem Length 12.00x 12.00mm Top Head Size Yellow Nylon With Sealer",Yellow Nylon,25 Pcs.,Hyundai # 87759-3V000
Door Moulding Retainers,17938PK,"1/2"" (12mm) Hole Size 10mm Stem Length 14.00 x 18.00mm Head Size","1/2"" (12mm) Hole Size 10mm Stem Length 14.00 x 18.00mm Head Size Blue Nylon With Sealer",Blue Nylon,25 Pcs.,Hyundai # 87756-D3000
Door Moulding Retainers,18892PK,"33/64"" (13mm) Hole Size 16mm Stem Length 16 x 18mm Top Head Size","33/64"" (13mm) Hole Size 16mm Stem Length 16 x 18mm Top Head Size Yellow Nylon With Sealer Rocker Moulding Retainers",Yellow Nylon,25 Pcs.,Hyundai # 14202-14120B
Door Moulding Retainers,12604PK,"9/16"" (14mm) Hole Size 10mm Stem Length 10.00 x 12.00mm Top Head Size","9/16"" (14mm) Hole Size 10mm Stem Length 10.00 x 12.00mm Top Head Size Blue Nylon With Sealer Rocker Panel Moulding Clips",Blue Nylon,25 Pcs.,Hyundai # 87756-1F000
Door Moulding Retainers,12605PK,"9/16"" (14mm) Hole Size                        - 10mm Stem Length                                       r 12.00 x 15.00mm Top Head Size","9/16"" (14mm) Hole Size                        - 10mm Stem Length                                       r 12.00 x 15.00mm Top Head Size White Nylon With Sealer Rocker Panel Moulding Clips",White Nylon,25 Pcs.,Hyundai # 87770-27000
Door Moulding Retainers,12520PK,10.00 x 12.00mm Hole Size 15mm Stem Length 16.00 x 18.00mm Head Size,10.00 x 12.00mm Hole Size 15mm Stem Length 16.00 x 18.00mm Head Size Blue Nylon With Sealer Rocker Moulding Retainers,Blue Nylon,15 Pcs.,Hyundai # 87758-3L000
Clips Window Regulator,10776PK,14mm Base Diameter 6.00 x 14.00mm Head Size 6mm Overall Height,14mm Base Diameter 6.00 x 14.00mm Head Size 6mm Overall Height Natural Nylon,Natural Nylon,15 Pcs.,Hyundai # 87719-3D000; Hyundai
Clips Window Regulator,13653PK,70.10mm Width                            1 Pc. 131mm Height 28mm Thick,70.10mm Width                            1 Pc. 131mm Height 28mm Thick Left Front Door Window Regulator Clip,,,Hyundai Accent
Clips Window Regulator,13654PK,70.10mm Width                            1 Pc. 131mm Height 28mm Thick,70.10mm Width                            1 Pc. 131mm Height 28mm Thick Right Front Door Window Regulator Clip,,,Hyundai Accent
