Section,Part_Number,Size,Finish,Quantity
Flat Head Tapping Screws,13169PK,"12 x 1 1/2""",Stainless Steel,50 Pcs.
Truss Head Screws,15374PK,"10 x 1/2""                               7/16""",Stainless Steel,50 Pcs.
Hex Cap Screws,18475PK,"1/4-20 x 1/2""         7/16""        50 Pcs.",Stainless Steel,50 Pcs.
Hex Cap Screws,18477PK,"1/4-20 x 3/4""         7/16""        50 Pcs.",Stainless Steel,50 Pcs.
Hex Cap Screws,18478PK,"1/4-20 x 1""          7/16""        50 Pcs.   1",Stainless Steel,50 Pcs.
Hex Cap Screws,18479PK,"1/4-20 x 1 1/4""        7/16""        50 Pcs.",Stainless Steel,50 Pcs.
Hex Cap Screws,18480PK,"1/4-20 x 1 1/2""        7/16""        50 Pcs.",Stainless Steel,50 Pcs.
Hex Cap Screws,18481PK,"1/4-20 x 1 3/4""        7/16""        50 Pcs.",Stainless Steel,50 Pcs.
Hex Cap Screws,18482PK,"1/4-20 x 2""          7/16""        50 Pcs.   1",Stainless Steel,50 Pcs.
Hex Cap Screws,18483PK,"1/4-20 x 2 1/4""        7/16""        50 Pcs.",Stainless Steel,50 Pcs.
Hex Cap Screws,18484PK,"1/4-20 x 2 1/2""        7/16""        50 Pcs.",Stainless Steel,50 Pcs.
Hex Cap Screws,18485PK,"1/4-20 x 2 3/4""        7/16""        50 Pcs.",Stainless Steel,50 Pcs.
Hex Cap Screws,18486PK,"1/4-20 x 3""          7/16""        50 Pcs.   1",Stainless Steel,50 Pcs.
Hex Cap Screws,18493PK,"5/16-18 x 1/2""          1/2""        50 Pcs.",Stainless Steel,50 Pcs.
Hex Cap Screws,18495PK,"5/16-18 x 3/4""          1/2""        50 Pcs.",Stainless Steel,50 Pcs.
Hex Cap Screws,18496PK,"5/16-18 x 1""           1/2""        50 Pcs",Stainless Steel,50 Pcs
Hex Cap Screws,18497PK,"5/16-18 x 1 1/4""         1/2""        50 Pcs.",Stainless Steel,50 Pcs.
Hex Cap Screws,18498PK,"5/16-18 x 1 1/2""         1/2""        50 Pcs.",Stainless Steel,50 Pcs.
Hex Cap Screws,18499PK,"5/16-18 x 1 3/4""         1/2""        50 Pcs.",Stainless Steel,50 Pcs.
Hex Cap Screws,18500PK,"5/16-18 x 2""           1/2""        50 Pcs.",Stainless Steel,50 Pcs.
Hex Cap Screws,18501PK,"5/16-18 x 2 1/4""         1/2""        50 Pcs.",Stainless Steel,50 Pcs.
Hex Cap Screws,18502PK,"5/16-18 x 2 1/2""         1/2""        50 Pcs.",Stainless Steel,50 Pcs.
Hex Cap Screws,18503PK,"5/16-18 x 2 3/4""         1/2""        50 Pcs.",Stainless Steel,50 Pcs.
Hex Cap Screws,18504PK,"5/16-18 x 3""           1/2""        50 Pcs.",Stainless Steel,50 Pcs.
Hex Cap Screws,18511PK,"3/8-16 x 1/2""         9/16""        50 Pcs.",Stainless Steel,50 Pcs.
Hex Cap Screws,18513PK,"3/8-16 x 3/4""         9/16""        50 Pcs.",Stainless Steel,50 Pcs.
Hex Cap Screws,18514PK,"3/8-16 x 1""          9/16""        50 Pcs.   1",Stainless Steel,50 Pcs.
Hex Cap Screws,18515PK,"3/8-16 x 1 1/4""        9/16""        25 Pcs.",Stainless Steel,25 Pcs.
Hex Cap Screws,18516PK,"3/8-16 x 1 1/2""        9/16""        25 Pcs.",Stainless Steel,25 Pcs.
Hex Cap Screws,18517PK,"3/8-16 x 1 3/4""        9/16""        25 Pcs.",Stainless Steel,25 Pcs.
Hex Cap Screws,18518PK,"3/8-16 x 2""          9/16""        25 Pcs.   1",Stainless Steel,25 Pcs.
Hex Cap Screws,18519PK,"3/8-16 x 2 1/4""        9/16""        25 Pcs.",Stainless Steel,25 Pcs.
Hex Cap Screws,18520PK,"3/8-16 x 2 1/2""        9/16""        25 Pcs.",Stainless Steel,25 Pcs.
Hex Cap Screws,18521PK,"3/8-16 x 2 3/4""        9/16""        25 Pcs.",Stainless Steel,25 Pcs.
Washers,18648PK,"1/4""                     9/32",Stainless Steel,100 Pcs.
Washers,18649PK,"5/16""                    11/32""",Stainless Steel,100 Pcs.
Washers,18650PK,"3/8""                    13/32""",Stainless Steel,50 Pcs.
Washers,18651PK,"7/16""                     1/2""",Stainless Steel,50 Pcs.
Washers,18654PK,"5/8""                    11/16""",Stainless Steel,25 Pcs.
Washers,18662PK,"1/4""                         Split Lock Washe",Stainless Steel,100 Pcs.
Washers,18663PK,"5/16""                         Split Lock Wash",Stainless Steel,100 Pcs.
Washers,18664PK,"3/8""                          Split Lock Wash",Stainless Steel,50 Pcs.
Washers,18665PK,7/16                          Split Lock Wash,Stainless Steel,25 Pcs.
Washers,18666PK,"1/2""                          Split Lock Wash",Stainless Steel,25 Pcs.
Washers,18668PK,"5/8""                          Split Lock Wash",Stainless Steel,25 Pcs.
Nuts,18634PK,"1/4-20                      7/16""",Stainless Steel,100 Pcs.
Nuts,18635PK,"5/16-18                     1/2""",Stainless Steel,50 Pcs.
Nuts,18636PK,"3/8-16                     9/16""",Stainless Steel,50 Pcs.
Nuts,18637PK,"7/16-14                     11/16""",Stainless Steel,25 Pcs.
Nuts,18638PK,"1/2-13                      3/4""",Stainless Steel,25 Pcs.
Nuts,18640PK,"5/8-11                     15/16""",Stainless Steel,25 Pcs.
Nuts,18672PK,"1/4-20                   7/16""",Stainless Steel,100 Pcs.
Nuts,18673PK,"5/16-18                   1/2""",Stainless Steel,50 Pcs.
Nuts,18674PK,"3/8-16                   9/16""",Stainless Steel,50 Pcs.
Nuts,18675PK,"7/16-14                  11/16""",Stainless Steel,25 Pcs.
Nuts,18676PK,"1/2-13                   3/4""",Stainless Steel,25 Pcs.
Nuts,18678PK,"5/8-11                  15/16""",Stainless Steel,25 Pcs.
Pan Head Sheet Metal Screws,18688PK,"6-32 x 1/2""  100 Pcs.",Stainless Steel,100 Pcs.
Pan Head Sheet Metal Screws,18689PK,"6-32 x 3/4""  100 Pcs.",Stainless Steel,100 Pcs.
Pan Head Sheet Metal Screws,18690PK,"6-32 x 1""   100 Pcs.                        1",Stainless Steel,100 Pcs.
Pan Head Sheet Metal Screws,18691PK,"6-32 x 1 1/4"" 100 Pcs.",Stainless Steel,100 Pcs.
Pan Head Sheet Metal Screws,18692PK,"6-32 x 1 1/2""  50 Pcs.",Stainless Steel,50 Pcs.
Pan Head Sheet Metal Screws,18693PK,"6-32 x 1 3/4""  50 Pcs.",Stainless Steel,50 Pcs.
Pan Head Sheet Metal Screws,18694PK,"6-32 x 2""    50 Pcs.                        1",Stainless Steel,50 Pcs.
Pan Head Sheet Metal Screws,18695PK,"8-32 x 1/2""  100 Pcs.",Stainless Steel,100 Pcs.
Pan Head Sheet Metal Screws,18696PK,"8-32 x 3/4""  100 Pcs.",Stainless Steel,100 Pcs.
Pan Head Sheet Metal Screws,18697PK,"8-32 x 1""   100 Pcs.                        1",Stainless Steel,100 Pcs.
Pan Head Sheet Metal Screws,18698PK,"8-32 x 1 1/4""  50 Pcs.",Stainless Steel,50 Pcs.
Pan Head Sheet Metal Screws,18699PK,"8-32 x 1 1/2""  25 Pcs.",Stainless Steel,25 Pcs.
Pan Head Sheet Metal Screws,18700PK,"8-32 x 1 3/4""  25 Pcs.",Stainless Steel,25 Pcs.
Pan Head Sheet Metal Screws,18701PK,"8-32 x 2""    25 Pcs.                        1",Stainless Steel,25 Pcs.
Pan Head Sheet Metal Screws,18702PK,"10-24 x 1/2""  100 Pcs.",Stainless Steel,100 Pcs.
Pan Head Sheet Metal Screws,18703PK,"10-24 x 3/4""  100 Pcs.",Stainless Steel,100 Pcs.
Pan Head Sheet Metal Screws,18704PK,"10-24 x 1""   100 Pcs.",Stainless Steel,100 Pcs.
Pan Head Sheet Metal Screws,18705PK,"10-24 x 1 1/4""  50 Pcs.",Stainless Steel,50 Pcs.
Pan Head Sheet Metal Screws,12822PK,6-1.00 x 8mm                  Phillips Pan,Stainless Steel,100 Pcs.
Pan Head Sheet Metal Screws,12829PK,6-1.00 x 10mm                 Phillips Pan,Stainless Steel,100 Pcs.
Pan Head Sheet Metal Screws,12830PK,6-1.00 x 12mm                 Phillips Pan,Stainless Steel,100 Pcs.
Pan Head Sheet Metal Screws,12831PK,6-1.00 x 16mm                 Phillips Pan,Stainless Steel,100 Pcs.
Pan Head Sheet Metal Screws,12832PK,6-1.00 x 20mm                 Phillips Pan,Stainless Steel,100 Pcs.
Pan Head Sheet Metal Screws,12833PK,6-1.00 x 25mm                 Phillips Pan,Stainless Steel,100 Pcs.
Pan Head Sheet Metal Screws,12834PK,6-1.00 x 30mm                 Phillips Pan,Stainless Steel,100 Pcs.
Pan Head Sheet Metal Screws,12835PK,6-1.00 x 35mm                 Phillips Pan,Stainless Steel,100 Pcs.
Washers,18644PK,"#6 (1/8"")          9/64""",Stainless Steel,100 Pcs.
Washers,18645PK,"#8 (5/32"")         11/64""",Stainless Steel,100 Pcs.
Washers,18646PK,"#10 (3/16"")        13/64""",Stainless Steel,100 Pcs.
Washers,18647PK,"#12 (7/32"")         1/4""",Stainless Steel,100 Pcs.
Washers,18658PK,"#6 (1/8"")",Stainless Steel,100 Pcs.
Washers,18659PK,"#8 (5/32"")",Stainless Steel,100 Pcs.
Washers,18660PK,"#10 (3/16"")",Stainless Steel,100 Pcs.
Washers,18661PK,"#12 (7/32"")",Stainless Steel,100 Pcs.
Nuts,18629PK,"8-32                                11/32""",Stainless Steel,100 Pcs.
Nuts,18630PK,"10-24                                  3/8""",Stainless Steel,100 Pcs.
Nuts,18631PK,"10-32                                  3/8""",Stainless Steel,100 Pcs.
Nuts,18632PK,"10-32                                 7/16""",Stainless Steel,100 Pcs.
Nuts,18633PK,"14-20                                 7/16""",18-8 (300 Series) Stainless Steel,100 Pcs.
Nuts,18682PK,6-32                                5/16,Stainless Steel,100 Pcs.
Nuts,18683PK,"8-32                               11/32""",Stainless Steel,100 Pcs.
Nuts,18684PK,"10-24                                3/8""",Stainless Steel,100 Pcs.
Nuts,18685PK,"10-32                                3/8""",Stainless Steel,100 Pcs.
Nuts,18686PK,"12-24                               7/16""",Stainless Steel,100 Pcs.
Washers,12535PK,5mm,Stainless Steel,100 Pcs.
Washers,12536PK,6mm,Stainless Steel,100 Pcs.
Washers,12537PK,8mm,Stainless Steel,100 Pcs.
Washers,12538PK,10mm,Stainless Steel,100 Pcs.
Washers,12539PK,12mm,Stainless Steel,50 Pcs.
Pan Head Sheet Metal Screws,18723PK,"6 x 1/2""         100 Pcs.          18741PK",Stainless Steel,100 Pcs.
Pan Head Sheet Metal Screws,18724PK,"6 x 3/4""         100 Pcs.          18742PK",Stainless Steel,100 Pcs.
Pan Head Sheet Metal Screws,18725PK,"6 x 1""          100 Pcs.          18743PK",Stainless Steel,100 Pcs.
Pan Head Sheet Metal Screws,18726PK,"6 x 1 1/4""        100 Pcs.          18744PK",Stainless Steel,100 Pcs.
Pan Head Sheet Metal Screws,18727PK,"6 x 1 1/2""         50 Pcs.          18745PK",Stainless Steel,50 Pcs.
Pan Head Sheet Metal Screws,18728PK,"6 x 1 3/4""         50 Pcs.   I      18746PK",Stainless Steel,50 Pcs.
Pan Head Sheet Metal Screws,18729PK,"6 x 2""           50 Pcs.          18747PK",Stainless Steel,50 Pcs.
Pan Head Sheet Metal Screws,18731PK,18749PK,Stainless Steel,
Pan Head Sheet Metal Screws,18732PK,"8 x 1""           50 Pcs.   I      18750PK",Stainless Steel,50 Pcs.
Pan Head Sheet Metal Screws,18733PK,"8 x 1 1/4""         50 Pcs.          18751PK",Stainless Steel,50 Pcs.
Pan Head Sheet Metal Screws,18734PK,"8 x 1 1/2""         25 Pcs.          18752PK",Stainless Steel,25 Pcs.
Pan Head Sheet Metal Screws,18735PK,"8 x 1 3/4""         25 Pcs.          18753PK",Stainless Steel,25 Pcs.
Pan Head Sheet Metal Screws,18736PK,"8 x 2""           25 Pcs.          18754PK",Stainless Steel,25 Pcs.
Pan Head Sheet Metal Screws,18737PK,"10 x 1/2""         100 Pcs.          18755PK",Stainless Steel,100 Pcs.
Pan Head Sheet Metal Screws,18738PK,"10 x 3/4""          50 Pcs.          18756PK",Stainless Steel,50 Pcs.
Pan Head Sheet Metal Screws,18739PK,"10 x 1""           50 Pcs.          18757PK",Stainless Steel,50 Pcs.
Pan Head Sheet Metal Screws,18740PK,"10 x 1 1/4""        50 Pcs.",Stainless Steel,50 Pcs.
